Identifiant;Maths;Phyique-Chime;NSI;Classe
Student1;9;4;15;P3
Student2;12;17;12;P5
Student3;20;20;20;P7
Student4;8;9;20;P2
Student5;19;13;16;P4
Student6;13;10;2;P7
Student7;0;8;15;P4
Student8;17;13;11;P4
Student9;20;18;10;P1
Student10;18;14;10;P7
Student11;11;10;13;P3
Student12;14;13;6;P1
Student13;2;0;0;P2
Student14;2;2;20;P7
Student15;6;10;20;P1
Student16;1;13;15;P3
Student17;13;11;20;P3
Student18;18;14;10;P3
Student19;10;2;14;P1
Student20;6;12;17;P5
Student21;20;9;4;P7
Student22;12;18;19;P4
Student23;0;15;2;P1
Student24;17;20;13;P1
Student25;4;6;2;P3
Student26;0;0;20;P1
Student27;13;18;18;P3
Student28;3;7;9;P6
Student29;11;12;0;P7
Student30;5;0;0;P7
Student31;8;5;2;P6
Student32;12;11;13;P7
Student33;8;8;20;P7
Student34;10;7;16;P7
Student35;16;8;9;P7
Student36;19;19;7;P7
Student37;15;15;0;P4
Student38;18;2;12;P7
Student39;9;19;14;P5
Student40;3;12;12;P1
Student41;10;9;3;P2
Student42;13;14;19;P4
Student43;16;8;3;P1
Student44;9;16;18;P1
Student45;4;7;19;P5
Student46;18;6;11;P4
Student47;7;18;19;P5
Student48;4;13;10;P6
Student49;0;13;19;P6
Student50;16;2;18;P1
Student51;6;7;1;P4
Student52;18;3;13;P7
Student53;10;17;8;P4
Student54;18;6;11;P6
Student55;15;4;7;P5
Student56;0;16;9;P3
Student57;8;14;14;P1
Student58;5;16;3;P6
Student59;17;18;13;P3
Student60;7;10;1;P5
Student61;19;6;9;P7
Student62;20;4;5;P4
Student63;16;8;2;P4
Student64;17;13;8;P7
Student65;5;9;17;P7
Student66;6;9;7;P3
Student67;4;5;19;P2
Student68;2;1;5;P5
Student69;5;14;11;P6
Student70;1;12;16;P1
Student71;15;3;5;P3
Student72;16;8;8;P2
Student73;8;2;7;P7
Student74;13;0;6;P1
Student75;12;1;0;P7
Student76;4;19;5;P4
Student77;15;5;11;P2
Student78;17;10;14;P6
Student79;3;18;16;P4
Student80;10;4;3;P5
Student81;5;7;16;P5
Student82;16;9;9;P6
Student83;0;1;12;P7
Student84;2;5;0;P2
Student85;5;5;7;P7
Student86;16;4;8;P1
Student87;20;3;18;P2
Student88;5;0;7;P4
Student89;14;2;13;P2
Student90;16;16;2;P4
Student91;8;14;7;P7
Student92;0;16;5;P7
Student93;10;16;11;P1
Student94;9;18;0;P3
Student95;9;7;1;P1
Student96;6;9;9;P7
Student97;11;17;13;P4
Student98;11;16;12;P2
Student99;20;0;3;P7
Student100;12;0;0;P6
Student101;0;10;18;P5
Student102;10;6;19;P7
Student103;0;16;8;P6
Student104;0;0;10;P7
Student105;9;20;15;P7
Student106;1;1;11;P1
Student107;6;2;2;P1
Student108;7;17;8;P5
Student109;9;5;6;P4
Student110;17;2;14;P6
Student111;0;11;4;P2
Student112;15;6;5;P2
Student113;0;4;3;P5
Student114;17;11;19;P7
Student115;17;5;8;P1
Student116;20;13;10;P4
Student117;0;17;10;P4
Student118;17;14;0;P6
Student119;18;0;6;P6
Student120;5;19;20;P7
Student121;12;0;18;P1
Student122;0;8;7;P7
Student123;6;20;14;P3
Student124;5;20;6;P3
Student125;16;6;1;P1
Student126;11;20;13;P1
Student127;18;6;12;P3
Student128;15;7;17;P7
Student129;6;1;14;P3
Student130;8;12;15;P5
Student131;11;15;8;P4
Student132;17;11;15;P1
Student133;3;4;17;P4
Student134;10;11;1;P3
Student135;3;15;11;P7
Student136;0;15;2;P3
Student137;12;7;2;P1
Student138;15;14;18;P7
Student139;17;19;15;P2
Student140;13;4;4;P5
Student141;8;20;12;P7
Student142;6;8;5;P3
Student143;15;4;19;P4
Student144;0;16;5;P3
Student145;1;11;3;P3
Student146;1;10;0;P2
Student147;1;20;19;P7
Student148;1;4;17;P3
Student149;15;18;4;P4
Student150;8;20;0;P3
Student151;6;5;1;P2
Student152;12;14;4;P2
Student153;12;7;19;P6
Student154;7;15;16;P7
Student155;9;16;0;P1
Student156;10;12;3;P4
Student157;5;10;10;P7
Student158;9;12;1;P3
Student159;10;15;2;P4
Student160;19;2;0;P7
Student161;11;4;10;P7
Student162;15;16;1;P2
Student163;9;16;15;P5
Student164;7;20;16;P3
Student165;7;5;18;P7
Student166;15;3;20;P5
Student167;20;7;4;P6
Student168;6;7;4;P2
Student169;19;13;13;P2
Student170;10;17;3;P1
Student171;19;17;18;P2
Student172;5;20;2;P5
Student173;12;0;16;P2
Student174;15;20;8;P1
Student175;14;14;6;P2
Student176;6;14;16;P3
Student177;16;7;12;P5
Student178;9;18;18;P5
Student179;20;17;16;P1
Student180;13;20;12;P1
Student181;6;10;10;P1
Student182;18;0;6;P5
Student183;0;1;14;P5
Student184;2;20;20;P1
Student185;17;10;8;P5
Student186;0;13;3;P1
Student187;16;5;6;P3
Student188;10;17;12;P6
Student189;20;5;0;P7
Student190;20;18;20;P5
Student191;8;16;1;P4
Student192;9;17;1;P1
Student193;4;3;0;P6
Student194;19;20;20;P1
Student195;17;18;15;P2
Student196;17;1;9;P4
Student197;2;2;17;P1
Student198;14;19;12;P1
Student199;19;4;11;P2
Student200;11;16;6;P7
Student201;0;10;1;P3
Student202;16;2;1;P2
Student203;16;5;2;P3
Student204;6;17;17;P5
Student205;6;6;10;P1
Student206;1;8;8;P7
Student207;1;4;7;P3
Student208;1;10;8;P2
Student209;16;15;8;P2
Student210;9;14;14;P2
Student211;3;1;8;P1
Student212;20;3;10;P3
Student213;15;6;15;P4
Student214;15;7;17;P4
Student215;16;20;7;P6
Student216;7;2;17;P6
Student217;9;3;17;P4
Student218;15;15;20;P2
Student219;13;9;19;P1
Student220;6;11;9;P6
Student221;16;10;1;P2
Student222;17;12;0;P6
Student223;20;19;16;P3
Student224;11;20;9;P6
Student225;6;14;11;P3
Student226;20;17;3;P4
Student227;11;4;5;P4
Student228;16;7;19;P3
Student229;17;15;1;P4
Student230;18;12;5;P1
Student231;0;17;3;P2
Student232;6;17;5;P7
Student233;9;20;19;P2
Student234;13;17;11;P3
Student235;8;18;1;P1
Student236;7;10;2;P2
Student237;14;6;11;P1
Student238;3;20;3;P1
Student239;0;13;9;P5
Student240;19;16;0;P2
Student241;9;18;2;P2
Student242;7;19;16;P4
Student243;16;13;1;P3
Student244;17;3;17;P6
Student245;4;7;4;P2
Student246;15;18;10;P5
Student247;3;10;8;P3
Student248;18;20;6;P3
Student249;20;9;18;P3
Student250;20;17;12;P6
Student251;3;18;14;P7
Student252;18;9;10;P2
Student253;6;7;17;P5
Student254;20;12;8;P1
Student255;1;4;1;P4
Student256;7;3;2;P6
Student257;19;14;15;P1
Student258;9;11;13;P6
Student259;20;4;11;P1
Student260;14;5;13;P1
Student261;16;3;11;P5
Student262;15;18;7;P7
Student263;4;19;7;P4
Student264;6;8;11;P4
Student265;0;4;19;P3
Student266;9;12;17;P2
Student267;10;20;19;P2
Student268;10;11;5;P1
Student269;20;7;14;P2
Student270;12;7;9;P7
Student271;1;20;3;P5
Student272;11;7;19;P5
Student273;11;5;0;P7
Student274;4;15;0;P6
Student275;11;9;16;P4
Student276;0;16;20;P4
Student277;2;14;20;P7
Student278;2;8;3;P6
Student279;18;2;12;P1
Student280;11;13;4;P4
Student281;11;16;18;P4
Student282;18;20;6;P7
Student283;7;1;17;P4
Student284;9;1;19;P5
Student285;5;14;0;P4
Student286;8;15;9;P6
Student287;12;0;18;P5
Student288;5;6;8;P1
Student289;1;17;10;P2
Student290;9;6;2;P1
Student291;1;17;19;P1
Student292;3;2;7;P1
Student293;14;10;12;P6
Student294;11;15;3;P4
Student295;14;8;11;P6
Student296;0;13;8;P2
Student297;3;11;19;P7
Student298;3;16;14;P3
Student299;6;17;5;P4
Student300;18;5;1;P3
Student301;10;2;3;P2
Student302;2;3;4;P2
Student303;13;16;16;P3
Student304;20;17;1;P2
Student305;8;4;2;P5
Student306;14;3;13;P3
Student307;3;18;18;P7
Student308;11;8;20;P3
Student309;6;14;2;P4
Student310;14;11;18;P7
Student311;17;9;18;P4
Student312;19;3;9;P6
Student313;1;18;13;P7
Student314;12;8;2;P1
Student315;20;3;10;P7
Student316;11;5;12;P6
Student317;16;20;12;P7
Student318;13;8;14;P4
Student319;17;6;14;P1
Student320;19;9;19;P6
Student321;20;14;8;P7
Student322;10;19;7;P1
Student323;18;19;0;P6
Student324;17;0;16;P7
Student325;1;11;19;P1
Student326;19;10;18;P2
Student327;11;14;12;P5
Student328;7;15;4;P7
Student329;18;2;4;P2
Student330;12;9;2;P4
Student331;1;6;0;P7
Student332;16;2;9;P3
Student333;0;16;5;P4
Student334;16;13;3;P3
Student335;2;9;3;P4
Student336;2;3;5;P5
Student337;7;2;3;P3
Student338;7;7;20;P6
Student339;17;15;10;P7
Student340;13;16;2;P3
Student341;5;19;2;P4
Student342;14;9;9;P3
Student343;9;5;16;P6
Student344;16;19;8;P6
Student345;11;7;6;P4
Student346;9;10;8;P3
Student347;5;16;3;P1
Student348;14;16;14;P6
Student349;18;2;20;P3
Student350;19;16;8;P3
Student351;2;11;16;P1
Student352;14;2;17;P3
Student353;5;4;8;P7
Student354;1;9;3;P3
Student355;17;14;7;P6
Student356;11;10;15;P3
Student357;19;15;11;P1
Student358;17;18;20;P4
Student359;8;17;10;P4
Student360;14;12;11;P6
Student361;11;8;16;P1
Student362;18;7;13;P1
Student363;19;18;9;P7
Student364;15;3;5;P5
Student365;3;13;20;P2
Student366;9;4;20;P6
Student367;2;2;7;P1
Student368;20;9;1;P5
Student369;6;11;18;P3
Student370;19;18;1;P4
Student371;10;16;1;P5
Student372;7;14;8;P3
Student373;19;20;5;P1
Student374;20;9;11;P6
Student375;5;6;15;P3
Student376;2;13;13;P7
Student377;1;20;8;P4
Student378;12;5;19;P4
Student379;13;20;10;P5
Student380;14;13;16;P2
Student381;17;10;16;P7
Student382;1;1;7;P2
Student383;17;17;6;P4
Student384;7;2;15;P3
Student385;2;15;2;P7
Student386;10;3;1;P2
Student387;15;3;0;P1
Student388;0;0;8;P1
Student389;17;12;10;P7
Student390;19;17;18;P2
Student391;3;10;16;P5
Student392;7;6;16;P2
Student393;20;5;16;P1
Student394;16;9;14;P3
Student395;16;6;6;P6
Student396;5;1;5;P6
Student397;20;0;10;P2
Student398;8;19;8;P3
Student399;5;5;6;P7
Student400;10;8;2;P3
Student401;19;17;6;P7
Student402;19;7;18;P4
Student403;9;2;10;P2
Student404;14;0;2;P5
Student405;8;20;4;P2
Student406;0;12;5;P6
Student407;15;6;16;P1
Student408;2;15;6;P6
Student409;13;10;18;P1
Student410;6;17;20;P3
Student411;2;16;18;P5
Student412;6;19;2;P1
Student413;12;1;15;P5
Student414;11;7;19;P2
Student415;10;14;9;P6
Student416;4;10;4;P5
Student417;3;13;2;P5
Student418;20;20;7;P1
Student419;17;5;11;P2
Student420;1;10;12;P5
Student421;6;4;5;P3
Student422;18;13;7;P1
Student423;3;12;8;P1
Student424;15;7;2;P6
Student425;20;18;20;P5
Student426;4;6;2;P5
Student427;8;18;19;P1
Student428;20;4;1;P6
Student429;0;2;19;P6
Student430;6;14;2;P2
Student431;7;18;15;P1
Student432;20;9;1;P4
Student433;14;3;16;P5
Student434;2;14;2;P4
Student435;0;3;15;P2
Student436;17;2;9;P5
Student437;3;14;15;P4
Student438;3;16;19;P1
Student439;10;8;15;P1
Student440;2;2;8;P6
Student441;20;9;13;P5
Student442;3;15;5;P7
Student443;16;16;18;P4
Student444;19;7;10;P3
Student445;6;14;4;P3
Student446;10;0;8;P2
Student447;18;14;10;P4
Student448;16;4;8;P4
Student449;7;17;17;P4
Student450;7;9;6;P2
Student451;7;16;15;P2
Student452;12;2;4;P2
Student453;2;15;4;P5
Student454;9;17;8;P1
Student455;14;4;11;P4
Student456;10;16;10;P4
Student457;11;13;1;P7
Student458;20;18;18;P3
Student459;10;7;11;P3
Student460;9;16;17;P4
Student461;13;11;15;P4
Student462;5;16;13;P5
Student463;20;4;2;P3
Student464;0;6;6;P1
Student465;2;3;2;P3
Student466;2;13;5;P5
Student467;15;18;7;P6
Student468;11;11;11;P2
Student469;8;4;1;P3
Student470;16;9;19;P6
Student471;4;10;4;P7
Student472;12;7;4;P5
Student473;18;19;20;P7
Student474;15;20;11;P7
Student475;9;0;3;P1
Student476;12;11;12;P1
Student477;3;6;13;P1
Student478;18;4;17;P5
Student479;13;1;1;P2
Student480;0;4;1;P6
Student481;10;1;1;P5
Student482;20;12;8;P3
Student483;4;8;1;P6
Student484;0;0;7;P4
Student485;11;10;16;P4
Student486;13;20;2;P5
Student487;9;17;2;P6
Student488;5;7;10;P7
Student489;0;9;8;P2
Student490;1;4;16;P4
Student491;16;13;14;P2
Student492;11;4;12;P1
Student493;12;12;6;P6
Student494;13;18;0;P7
Student495;15;6;17;P7
Student496;14;0;5;P6
Student497;2;1;10;P4
Student498;15;10;20;P1
Student499;18;8;9;P4
Student500;12;18;19;P6
Student501;7;18;20;P1
Student502;11;3;0;P6
Student503;7;20;4;P5
Student504;15;9;8;P3
Student505;16;9;11;P1
Student506;1;13;5;P7
Student507;16;2;6;P7
Student508;5;14;9;P4
Student509;14;3;16;P6
Student510;1;0;19;P1
Student511;10;1;17;P3
Student512;15;13;5;P1
Student513;3;12;12;P1
Student514;12;8;3;P2
Student515;7;0;14;P7
Student516;6;15;13;P3
Student517;16;13;4;P1
Student518;5;0;8;P4
Student519;15;9;8;P2
Student520;20;11;2;P3
Student521;20;17;20;P1
Student522;6;17;15;P5
Student523;4;20;12;P1
Student524;18;6;5;P3
Student525;12;3;11;P3
Student526;18;10;0;P3
Student527;5;2;16;P2
Student528;7;10;19;P6
Student529;15;8;6;P5
Student530;9;13;1;P6
Student531;12;4;15;P5
Student532;14;10;2;P3
Student533;1;17;3;P7
Student534;1;19;0;P1
Student535;19;18;0;P2
Student536;17;17;20;P7
Student537;14;0;20;P6
Student538;10;14;17;P4
Student539;2;0;8;P7
Student540;20;15;17;P4
Student541;15;0;13;P3
Student542;17;18;20;P1
Student543;11;4;16;P5
Student544;9;19;12;P3
Student545;0;13;8;P2
Student546;8;6;12;P7
Student547;17;13;2;P3
Student548;6;1;11;P3
Student549;1;20;18;P7
Student550;0;17;13;P2
Student551;4;3;12;P3
Student552;17;2;8;P2
Student553;3;7;19;P3
Student554;17;1;19;P4
Student555;20;17;17;P6
Student556;19;3;4;P1
Student557;13;11;18;P3
Student558;16;15;1;P6
Student559;14;2;5;P6
Student560;7;16;17;P7
Student561;6;18;5;P5
Student562;6;13;3;P6
Student563;11;16;9;P2
Student564;4;20;19;P3
Student565;4;13;0;P6
Student566;3;20;17;P2
Student567;20;1;10;P5
Student568;3;14;16;P2
Student569;15;1;1;P6
Student570;10;6;0;P7
Student571;0;18;14;P5
Student572;12;11;10;P6
Student573;11;11;15;P3
Student574;9;2;5;P2
Student575;1;17;11;P6
Student576;8;12;5;P4
Student577;14;9;4;P4
Student578;17;6;6;P6
Student579;11;8;11;P1
Student580;13;18;6;P4
Student581;6;8;2;P7
Student582;2;20;2;P7
Student583;2;13;3;P4
Student584;17;20;1;P4
Student585;17;6;3;P7
Student586;6;15;20;P1
Student587;19;5;3;P7
Student588;3;1;20;P7
Student589;15;14;14;P1
Student590;2;15;11;P5
Student591;20;16;11;P5
Student592;8;10;4;P2
Student593;5;18;10;P5
Student594;3;1;3;P5
Student595;4;18;8;P3
Student596;14;15;2;P5
Student597;15;10;14;P4
Student598;3;11;11;P4
Student599;2;1;9;P2
Student600;7;20;13;P2
Student601;12;5;19;P4
Student602;16;9;15;P7
Student603;1;1;11;P1
Student604;2;16;8;P7
Student605;12;14;3;P5
Student606;15;14;12;P1
Student607;10;6;14;P2
Student608;11;20;20;P4
Student609;15;9;9;P6
Student610;13;11;14;P2
Student611;5;19;19;P4
Student612;3;4;19;P7
Student613;1;15;14;P7
Student614;11;17;11;P4
Student615;19;10;11;P7
Student616;11;4;10;P4
Student617;8;10;0;P3
Student618;5;14;18;P2
Student619;17;1;2;P4
Student620;11;11;6;P1
Student621;17;5;8;P4
Student622;18;1;4;P5
Student623;8;19;20;P7
Student624;0;11;5;P1
Student625;13;13;2;P1
Student626;19;15;5;P7
Student627;7;3;1;P4
Student628;18;6;10;P6
Student629;10;9;0;P1
Student630;14;8;14;P3
Student631;17;16;1;P4
Student632;18;15;0;P1
Student633;0;2;11;P4
Student634;2;20;20;P5
Student635;2;14;3;P3
Student636;13;11;15;P5
Student637;8;14;20;P7
Student638;9;20;3;P4
Student639;2;15;7;P1
Student640;20;15;7;P5
Student641;7;13;11;P2
Student642;18;2;3;P7
Student643;20;6;17;P5
Student644;19;13;11;P6
Student645;10;9;4;P6
Student646;13;12;6;P5
Student647;8;12;10;P4
Student648;8;20;8;P3
Student649;20;6;15;P6
Student650;18;12;6;P3
Student651;17;8;12;P7
Student652;12;6;4;P7
Student653;15;20;13;P3
Student654;10;6;8;P6
Student655;0;2;6;P1
Student656;11;0;19;P3
Student657;13;20;8;P6
Student658;2;14;14;P5
Student659;16;5;2;P3
Student660;4;0;10;P5
Student661;0;9;20;P3
Student662;16;10;10;P7
Student663;11;18;20;P6
Student664;11;20;12;P7
Student665;9;5;9;P4
Student666;20;13;3;P1
Student667;14;12;2;P1
Student668;13;4;16;P1
Student669;15;20;2;P3
Student670;6;12;10;P3
Student671;2;9;3;P1
Student672;9;20;10;P4
Student673;14;17;16;P6
Student674;19;20;14;P1
Student675;11;1;3;P7
Student676;9;6;4;P6
Student677;3;16;7;P7
Student678;6;19;10;P1
Student679;12;8;19;P4
Student680;12;10;18;P5
Student681;13;11;12;P6
Student682;16;6;16;P4
Student683;1;17;13;P1
Student684;4;17;17;P1
Student685;7;10;9;P2
Student686;8;17;1;P5
Student687;14;8;10;P5
Student688;15;8;14;P6
Student689;6;16;20;P1
Student690;6;17;8;P5
Student691;20;0;19;P3
Student692;18;3;3;P7
Student693;12;2;7;P7
Student694;2;10;7;P7
Student695;6;8;18;P5
Student696;9;18;5;P1
Student697;19;3;6;P7
Student698;4;13;17;P3
Student699;20;20;20;P6
Student700;1;16;4;P3
Student701;5;18;18;P2
Student702;17;19;4;P5
Student703;7;15;14;P1
Student704;10;8;19;P5
Student705;4;9;13;P6
Student706;18;17;2;P3
Student707;2;7;5;P6
Student708;11;13;14;P4
Student709;15;8;20;P3
Student710;1;20;8;P6
Student711;13;16;5;P3
Student712;20;2;8;P3
Student713;13;14;16;P1
Student714;9;3;1;P7
Student715;15;2;3;P2
Student716;19;1;3;P4
Student717;4;11;5;P5
Student718;20;2;14;P3
Student719;8;14;17;P1
Student720;14;19;15;P6
Student721;20;4;11;P7
Student722;18;6;14;P4
Student723;1;16;8;P4
Student724;8;11;12;P6
Student725;6;7;8;P2
Student726;12;5;17;P7
Student727;1;8;17;P1
Student728;3;8;14;P2
Student729;15;8;18;P3
Student730;9;6;9;P7
Student731;0;1;17;P1
Student732;2;3;7;P5
Student733;11;12;11;P2
Student734;7;16;15;P1
Student735;15;15;3;P2
Student736;15;6;7;P6
Student737;20;17;13;P3
Student738;14;1;4;P2
Student739;5;18;13;P3
Student740;2;3;10;P4
Student741;17;10;1;P6
Student742;17;14;15;P2
Student743;4;4;1;P1
Student744;15;1;3;P5
Student745;6;11;16;P2
Student746;3;17;5;P4
Student747;20;8;4;P2
Student748;2;0;7;P1
Student749;6;12;17;P5
Student750;8;19;8;P2
Student751;0;20;10;P7
Student752;20;6;16;P5
Student753;7;1;17;P2
Student754;13;0;5;P1
Student755;17;3;9;P4
Student756;13;20;13;P4
Student757;6;18;12;P6
Student758;4;0;2;P7
Student759;10;11;13;P1
Student760;12;1;18;P4
Student761;13;16;5;P5
Student762;19;6;13;P1
Student763;10;6;12;P6
Student764;10;16;9;P1
Student765;1;20;0;P4
Student766;2;14;18;P2
Student767;2;18;16;P4
Student768;3;11;4;P3
Student769;15;4;7;P5
Student770;5;17;14;P6
Student771;9;11;0;P6
Student772;11;17;14;P3
Student773;8;6;18;P6
Student774;20;19;10;P1
Student775;14;14;5;P2
Student776;9;20;6;P7
Student777;5;8;19;P7
Student778;19;20;12;P7
Student779;17;13;5;P4
Student780;3;6;6;P3
Student781;13;12;10;P2
Student782;3;3;7;P2
Student783;5;12;11;P1
Student784;8;8;2;P4
Student785;0;18;20;P7
Student786;8;19;8;P5
Student787;0;14;1;P5
Student788;13;15;10;P2
Student789;1;10;15;P1
Student790;12;4;12;P1
Student791;8;17;5;P1
Student792;5;15;10;P4
Student793;7;13;9;P7
Student794;10;19;11;P4
Student795;19;13;8;P2
Student796;4;12;19;P4
Student797;7;14;7;P4
Student798;4;12;8;P1
Student799;11;3;3;P7
Student800;2;15;14;P1
Student801;5;10;12;P4
Student802;14;11;19;P6
Student803;11;10;16;P5
Student804;9;20;3;P7
Student805;13;18;15;P6
Student806;10;5;17;P4
Student807;10;7;14;P7
Student808;19;1;18;P7
Student809;2;18;3;P4
Student810;13;0;8;P3
Student811;10;11;6;P4
Student812;20;20;8;P1
Student813;11;0;19;P3
Student814;19;4;6;P5
Student815;6;18;19;P1
Student816;5;1;12;P1
Student817;7;8;18;P7
Student818;1;5;1;P3
Student819;20;0;14;P6
Student820;15;15;17;P2
Student821;9;5;16;P7
Student822;15;20;11;P3
Student823;18;1;3;P3
Student824;18;4;10;P4
Student825;4;12;18;P2
Student826;18;13;4;P1
Student827;4;2;16;P7
Student828;0;16;1;P1
Student829;18;14;3;P6
Student830;19;15;17;P6
Student831;12;18;4;P7
Student832;15;16;17;P7
Student833;15;20;3;P3
Student834;11;4;12;P1
Student835;11;13;8;P1
Student836;4;8;9;P4
Student837;2;20;12;P3
Student838;16;15;7;P6
Student839;19;8;9;P1
Student840;3;9;2;P1
Student841;9;17;11;P2
Student842;12;12;19;P7
Student843;3;15;18;P3
Student844;8;8;7;P7
Student845;17;0;2;P2
Student846;6;10;9;P1
Student847;12;15;4;P3
Student848;9;20;19;P5
Student849;11;3;10;P2
Student850;0;17;5;P4
Student851;3;8;9;P2
Student852;4;20;8;P3
Student853;11;17;18;P1
Student854;16;10;6;P1
Student855;8;17;17;P5
Student856;16;17;9;P3
Student857;4;11;10;P4
Student858;14;2;9;P2
Student859;0;7;0;P4
Student860;11;16;14;P1
Student861;18;4;0;P6
Student862;1;14;6;P5
Student863;0;4;9;P2
Student864;20;2;7;P7
Student865;17;2;19;P2
Student866;2;8;17;P3
Student867;13;17;5;P7
Student868;11;10;4;P3
Student869;5;19;17;P4
Student870;3;10;13;P4
Student871;11;5;9;P3
Student872;18;12;9;P3
Student873;14;9;3;P7
Student874;14;17;13;P4
Student875;13;1;15;P5
Student876;11;4;15;P3
Student877;5;6;2;P3
Student878;17;3;5;P4
Student879;11;0;0;P2
Student880;1;19;11;P2
Student881;11;7;7;P4
Student882;16;20;12;P3
Student883;10;11;3;P4
Student884;0;9;1;P4
Student885;0;14;11;P2
Student886;4;5;6;P2
Student887;18;20;11;P5
Student888;1;2;19;P3
Student889;16;16;15;P4
Student890;19;18;9;P4
Student891;1;19;18;P4
Student892;0;1;13;P6
Student893;13;5;16;P1
Student894;9;8;6;P4
Student895;12;19;10;P5
Student896;14;19;18;P4
Student897;11;18;5;P6
Student898;9;17;5;P4
Student899;1;19;4;P7
Student900;3;4;12;P7
Student901;11;7;13;P3
Student902;15;5;11;P3
Student903;1;15;7;P1
Student904;16;4;1;P5
Student905;20;14;0;P3
Student906;13;4;17;P5
Student907;10;13;19;P4
Student908;13;3;4;P6
Student909;16;0;20;P3
Student910;7;5;15;P4
Student911;7;4;11;P3
Student912;2;2;1;P3
Student913;0;15;8;P5
Student914;18;1;20;P3
Student915;16;3;8;P5
Student916;14;13;11;P6
Student917;4;19;16;P7
Student918;10;12;16;P1
Student919;0;20;10;P3
Student920;15;6;16;P4
Student921;13;3;16;P5
Student922;5;7;12;P2
Student923;14;0;5;P2
Student924;1;15;0;P3
Student925;4;5;3;P1
Student926;13;0;16;P1
Student927;2;1;10;P4
Student928;13;2;4;P1
Student929;13;0;20;P7
Student930;19;19;14;P7
Student931;4;14;9;P3
Student932;4;5;5;P7
Student933;5;18;18;P2
Student934;3;15;13;P3
Student935;4;10;12;P1
Student936;15;4;2;P2
Student937;10;19;19;P5
Student938;13;3;16;P6
Student939;10;18;8;P5
Student940;7;1;18;P4
Student941;16;8;20;P4
Student942;5;18;8;P6
Student943;17;20;2;P6
Student944;20;18;6;P2
Student945;12;5;16;P5
Student946;11;4;10;P5
Student947;1;14;14;P1
Student948;7;3;9;P2
Student949;17;4;18;P6
Student950;9;7;20;P6
Student951;8;13;9;P7
Student952;1;19;11;P3
Student953;5;14;19;P2
Student954;11;5;6;P3
Student955;8;1;7;P6
Student956;4;2;13;P2
Student957;6;8;8;P2
Student958;12;8;6;P2
Student959;8;1;5;P5
Student960;16;1;14;P3
Student961;16;12;19;P1
Student962;16;9;20;P1
Student963;13;18;18;P4
Student964;3;5;10;P7
Student965;19;1;14;P7
Student966;10;3;19;P3
Student967;7;16;1;P7
Student968;15;17;17;P6
Student969;9;11;14;P3
Student970;6;19;13;P6
Student971;1;2;8;P3
Student972;11;14;4;P4
Student973;11;20;17;P2
Student974;5;19;2;P5
Student975;18;4;10;P7
Student976;11;8;10;P5
Student977;16;17;8;P7
Student978;17;10;18;P6
Student979;15;11;20;P4
Student980;7;10;20;P4
Student981;10;5;3;P4
Student982;14;18;2;P6
Student983;16;16;3;P3
Student984;17;17;16;P7
Student985;15;6;19;P4
Student986;13;17;11;P7
Student987;8;20;14;P3
Student988;13;18;14;P5
Student989;18;4;4;P1
Student990;18;9;14;P6
Student991;5;19;8;P7
Student992;6;7;18;P7
Student993;15;13;16;P3
Student994;4;17;2;P5
Student995;17;9;11;P3
Student996;4;5;8;P2
Student997;0;12;6;P7
Student998;9;10;7;P1
Student999;9;6;15;P7
Student1000;19;20;12;P4
Student1001;17;1;17;P1
Student1002;20;16;7;P5
Student1003;14;2;6;P5
Student1004;4;9;12;P1
Student1005;1;10;6;P5
Student1006;19;4;18;P5
Student1007;0;1;15;P6
Student1008;9;18;9;P1
Student1009;3;6;15;P6
Student1010;6;14;19;P5
Student1011;10;19;11;P1
Student1012;17;14;9;P4
Student1013;1;1;4;P2
Student1014;3;3;18;P7
Student1015;14;17;13;P3
Student1016;16;11;5;P7
Student1017;12;6;19;P1
Student1018;17;15;16;P6
Student1019;1;19;12;P3
Student1020;1;17;10;P1
Student1021;15;19;6;P4
Student1022;2;1;18;P7
Student1023;9;15;5;P4
Student1024;15;5;16;P1
Student1025;12;3;10;P3
Student1026;1;7;11;P3
Student1027;6;2;10;P4
Student1028;2;16;15;P3
Student1029;20;1;2;P2
Student1030;11;16;16;P2
Student1031;15;17;0;P3
Student1032;4;12;15;P3
Student1033;12;13;6;P4
Student1034;5;18;0;P4
Student1035;2;3;16;P5
Student1036;15;16;15;P5
Student1037;13;13;3;P6
Student1038;1;14;0;P4
Student1039;16;10;19;P4
Student1040;7;16;19;P3
Student1041;5;11;13;P4
Student1042;4;0;19;P1
Student1043;3;5;20;P3
Student1044;0;5;7;P1
Student1045;1;14;4;P5
Student1046;15;6;9;P3
Student1047;5;8;5;P2
Student1048;13;9;4;P1
Student1049;11;1;8;P1
Student1050;12;19;15;P5
Student1051;17;8;10;P5
Student1052;8;3;13;P2
Student1053;3;1;18;P1
Student1054;14;2;1;P3
Student1055;12;11;13;P5
Student1056;2;9;12;P6
Student1057;6;20;11;P5
Student1058;0;2;10;P7
Student1059;13;15;10;P6
Student1060;9;17;5;P4
Student1061;19;19;19;P7
Student1062;20;9;8;P2
Student1063;11;7;13;P4
Student1064;9;14;0;P3
Student1065;8;6;7;P3
Student1066;6;6;14;P6
Student1067;6;1;7;P5
Student1068;2;10;16;P4
Student1069;19;0;10;P3
Student1070;14;7;19;P7
Student1071;15;15;12;P3
Student1072;17;17;3;P2
Student1073;0;9;15;P3
Student1074;20;16;9;P2
Student1075;3;3;16;P4
Student1076;18;18;6;P1
Student1077;15;14;1;P5
Student1078;7;19;11;P6
Student1079;13;3;20;P5
Student1080;11;3;5;P4
Student1081;16;19;16;P2
Student1082;14;3;8;P7
Student1083;6;12;6;P7
Student1084;7;19;20;P3
Student1085;4;0;9;P6
Student1086;17;20;2;P4
Student1087;3;11;15;P4
Student1088;12;9;5;P7
Student1089;2;1;19;P3
Student1090;14;7;12;P7
Student1091;20;11;7;P5
Student1092;11;2;13;P4
Student1093;7;11;7;P5
Student1094;19;14;10;P5
Student1095;7;10;3;P1
Student1096;12;18;9;P2
Student1097;12;0;16;P3
Student1098;1;13;16;P6
Student1099;3;20;20;P7
Student1100;12;10;5;P6
Student1101;14;20;7;P3
Student1102;5;8;6;P7
Student1103;3;7;19;P2
Student1104;12;17;19;P2
Student1105;8;7;6;P1
Student1106;13;19;11;P1
Student1107;16;9;12;P7
Student1108;12;12;0;P3
Student1109;10;20;0;P5
Student1110;8;8;4;P1
Student1111;7;4;7;P6
Student1112;16;2;9;P5
Student1113;8;3;4;P4
Student1114;19;11;4;P7
Student1115;2;2;12;P4
Student1116;7;11;5;P7
Student1117;8;0;12;P4
Student1118;5;0;13;P2
Student1119;13;8;13;P3
Student1120;14;6;5;P2
Student1121;5;0;7;P2
Student1122;18;7;16;P7
Student1123;0;6;6;P5
Student1124;6;2;16;P6
Student1125;12;8;14;P3
Student1126;8;15;9;P7
Student1127;12;10;7;P3
Student1128;20;16;19;P4
Student1129;8;5;8;P6
Student1130;0;16;4;P1
Student1131;12;17;1;P6
Student1132;11;11;13;P2
Student1133;12;8;7;P1
Student1134;14;15;18;P5
Student1135;14;5;10;P6
Student1136;11;11;2;P1
Student1137;13;1;13;P2
Student1138;3;16;15;P5
Student1139;7;20;14;P3
Student1140;5;6;19;P1
Student1141;20;19;3;P6
Student1142;2;20;0;P6
Student1143;7;8;4;P4
Student1144;7;7;10;P5
Student1145;3;10;9;P5
Student1146;10;12;9;P2
Student1147;10;17;9;P4
Student1148;1;7;11;P1
Student1149;2;2;14;P1
Student1150;13;1;20;P1
Student1151;0;17;5;P5
Student1152;13;17;3;P6
Student1153;12;8;10;P1
Student1154;5;12;18;P6
Student1155;0;16;1;P4
Student1156;9;3;2;P3
Student1157;3;2;10;P1
Student1158;3;18;12;P7
Student1159;17;11;20;P5
Student1160;6;17;12;P6
Student1161;2;10;14;P5
Student1162;10;2;11;P1
Student1163;11;6;13;P3
Student1164;16;20;20;P3
Student1165;15;11;11;P7
Student1166;0;15;15;P5
Student1167;11;19;16;P2
Student1168;10;4;11;P7
Student1169;17;2;20;P3
Student1170;14;13;20;P6
Student1171;3;5;7;P6
Student1172;17;14;2;P2
Student1173;18;11;1;P7
Student1174;1;17;2;P4
Student1175;11;9;8;P5
Student1176;0;9;18;P1
Student1177;13;9;4;P6
Student1178;7;6;2;P5
Student1179;2;19;15;P1
Student1180;17;12;15;P1
Student1181;16;14;6;P2
Student1182;11;9;10;P5
Student1183;19;9;17;P7
Student1184;13;3;7;P1
Student1185;18;7;17;P6
Student1186;4;6;18;P1
Student1187;19;17;4;P6
Student1188;16;14;20;P7
Student1189;19;14;1;P6
Student1190;13;19;16;P6
Student1191;6;9;9;P2
Student1192;8;18;20;P5
Student1193;8;12;0;P4
Student1194;14;7;15;P5
Student1195;2;19;14;P4
Student1196;16;20;9;P2
Student1197;18;11;20;P6
Student1198;3;12;0;P6
Student1199;7;11;9;P5
Student1200;19;11;2;P1
Student1201;11;12;2;P2
Student1202;19;13;3;P3
Student1203;12;13;1;P7
Student1204;7;5;16;P4
Student1205;18;7;11;P4
Student1206;12;6;14;P7
Student1207;5;7;20;P6
Student1208;4;19;15;P5
Student1209;3;11;11;P1
Student1210;3;14;3;P5
Student1211;8;4;13;P1
Student1212;15;8;5;P3
Student1213;12;3;1;P1
Student1214;3;6;8;P2
Student1215;19;16;8;P4
Student1216;20;16;8;P4
Student1217;8;12;5;P3
Student1218;1;13;18;P4
Student1219;12;0;6;P4
Student1220;5;16;18;P4
Student1221;7;0;16;P5
Student1222;3;17;12;P2
Student1223;3;0;11;P3
Student1224;7;13;16;P5
Student1225;18;4;6;P2
Student1226;20;13;18;P3
Student1227;7;18;9;P4
Student1228;7;14;15;P7
Student1229;9;7;20;P4
Student1230;6;11;20;P4
Student1231;19;17;6;P6
Student1232;20;10;2;P2
Student1233;9;18;19;P6
Student1234;15;0;11;P6
Student1235;18;10;5;P2
Student1236;5;2;16;P1
Student1237;16;12;2;P4
Student1238;14;17;12;P6
Student1239;16;1;12;P2
Student1240;20;7;15;P3
Student1241;7;20;10;P2
Student1242;4;4;9;P7
Student1243;11;5;12;P2
Student1244;6;18;9;P4
Student1245;19;6;6;P4
Student1246;17;18;12;P5
Student1247;13;17;16;P6
Student1248;4;7;4;P4
Student1249;18;17;12;P5
Student1250;12;2;1;P4
Student1251;19;7;17;P7
Student1252;16;11;6;P3
Student1253;2;3;12;P4
Student1254;17;15;18;P1
Student1255;13;10;20;P4
Student1256;8;18;0;P1
Student1257;18;20;18;P7
Student1258;18;17;3;P4
Student1259;7;4;17;P2
Student1260;1;16;3;P5
Student1261;10;0;7;P1
Student1262;12;20;4;P2
Student1263;14;11;15;P4
Student1264;15;14;6;P1
Student1265;4;17;12;P7
Student1266;15;4;14;P6
Student1267;20;9;13;P1
Student1268;12;1;5;P5
Student1269;17;20;15;P2
Student1270;16;5;7;P4
Student1271;2;3;1;P7
Student1272;16;17;11;P7
Student1273;20;20;18;P6
Student1274;0;11;6;P5
Student1275;1;0;13;P4
Student1276;8;7;17;P1
Student1277;11;17;7;P2
Student1278;20;11;5;P3
Student1279;15;20;2;P6
Student1280;17;10;14;P2
Student1281;6;10;14;P2
Student1282;13;11;7;P7
Student1283;14;18;7;P2
Student1284;12;6;19;P2
Student1285;15;0;1;P2
Student1286;10;17;8;P5
Student1287;13;9;11;P7
Student1288;8;4;11;P4
Student1289;12;7;2;P5
Student1290;11;18;4;P7
Student1291;9;12;0;P1
Student1292;8;19;16;P4
Student1293;2;2;16;P2
Student1294;5;2;9;P1
Student1295;1;14;0;P3
Student1296;15;2;8;P2
Student1297;16;0;8;P6
Student1298;5;4;6;P6
Student1299;7;3;4;P4
Student1300;15;5;19;P5
Student1301;18;5;17;P6
Student1302;19;13;4;P5
Student1303;6;16;15;P5
Student1304;6;19;7;P3
Student1305;16;11;17;P2
Student1306;12;1;13;P5
Student1307;3;14;8;P6
Student1308;19;5;17;P7
Student1309;8;12;16;P2
Student1310;5;16;2;P3
Student1311;11;4;17;P6
Student1312;16;2;14;P3
Student1313;7;8;20;P3
Student1314;13;3;18;P2
Student1315;14;12;10;P3
Student1316;13;18;5;P5
Student1317;3;14;8;P2
Student1318;10;12;2;P4
Student1319;3;10;9;P7
Student1320;11;20;1;P7
Student1321;9;15;16;P7
Student1322;17;20;17;P1
Student1323;6;12;4;P6
Student1324;1;7;17;P3
Student1325;18;1;16;P7
Student1326;8;15;19;P7
Student1327;13;5;15;P2
Student1328;1;7;7;P3
Student1329;16;17;8;P1
Student1330;17;8;6;P1
Student1331;18;10;12;P5
Student1332;20;5;19;P5
Student1333;0;18;20;P3
Student1334;2;4;8;P4
Student1335;5;7;1;P3
Student1336;19;1;14;P5
Student1337;4;8;10;P5
Student1338;15;11;1;P3
Student1339;1;9;20;P5
Student1340;5;15;7;P6
Student1341;4;20;8;P3
Student1342;15;1;8;P5
Student1343;16;5;1;P2
Student1344;1;9;7;P1
Student1345;16;13;2;P3
Student1346;7;0;9;P7
Student1347;3;13;11;P4
Student1348;12;15;7;P5
Student1349;6;16;6;P5
Student1350;6;3;15;P7
Student1351;10;3;7;P7
Student1352;1;16;16;P1
Student1353;14;14;13;P4
Student1354;6;17;20;P3
Student1355;11;12;15;P1
Student1356;17;9;17;P7
Student1357;15;2;0;P2
Student1358;20;7;15;P5
Student1359;1;7;14;P7
Student1360;7;16;0;P6
Student1361;16;18;19;P7
Student1362;9;20;5;P1
Student1363;12;15;13;P7
Student1364;15;20;13;P3
Student1365;18;8;12;P7
Student1366;8;12;16;P7
Student1367;9;12;10;P4
Student1368;2;11;2;P7
Student1369;7;16;11;P7
Student1370;17;20;16;P3
Student1371;9;20;3;P3
Student1372;16;6;18;P2
Student1373;4;10;5;P5
Student1374;19;9;20;P1
Student1375;18;2;7;P1
Student1376;13;17;20;P1
Student1377;20;0;3;P1
Student1378;8;4;7;P3
Student1379;3;13;10;P1
Student1380;3;5;16;P2
Student1381;12;12;11;P4
Student1382;6;0;15;P1
Student1383;3;3;9;P2
Student1384;1;5;11;P3
Student1385;0;13;9;P4
Student1386;10;18;2;P7
Student1387;6;16;15;P6
Student1388;10;4;10;P6
Student1389;4;0;20;P1
Student1390;3;12;11;P1
Student1391;11;2;1;P7
Student1392;13;17;8;P2
Student1393;17;19;13;P6
Student1394;20;2;13;P1
Student1395;9;16;3;P7
Student1396;3;9;13;P5
Student1397;1;16;9;P4
Student1398;11;4;19;P1
Student1399;0;16;7;P7
Student1400;16;17;14;P6
Student1401;20;3;10;P7
Student1402;11;7;7;P5
Student1403;4;2;1;P2
Student1404;6;16;16;P5
Student1405;3;11;12;P6
Student1406;18;2;3;P7
Student1407;7;11;4;P1
Student1408;18;18;11;P7
Student1409;4;0;9;P1
Student1410;11;12;10;P7
Student1411;17;12;12;P6
Student1412;9;10;7;P7
Student1413;17;13;2;P4
Student1414;7;5;6;P3
Student1415;12;3;4;P3
Student1416;11;18;20;P5
Student1417;10;7;0;P2
Student1418;19;16;4;P3
Student1419;14;17;0;P6
Student1420;11;11;2;P3
Student1421;19;20;16;P4
Student1422;20;0;8;P6
Student1423;10;4;9;P6
Student1424;3;12;19;P5
Student1425;16;20;14;P6
Student1426;8;8;6;P3
Student1427;4;8;8;P5
Student1428;14;18;9;P3
Student1429;3;14;19;P5
Student1430;8;18;15;P4
Student1431;14;4;4;P7
Student1432;4;12;6;P4
Student1433;6;18;15;P6
Student1434;14;17;2;P7
Student1435;5;19;6;P4
Student1436;17;12;20;P3
Student1437;0;6;9;P4
Student1438;13;13;8;P1
Student1439;18;2;16;P4
Student1440;0;1;10;P1
Student1441;11;11;7;P2
Student1442;19;4;19;P5
Student1443;15;16;8;P2
Student1444;10;0;8;P1
Student1445;6;15;8;P5
Student1446;10;7;4;P3
Student1447;10;15;19;P5
Student1448;7;17;10;P2
Student1449;12;12;4;P7
Student1450;9;14;0;P1
Student1451;20;2;0;P6
Student1452;9;3;0;P2
Student1453;9;17;7;P3
Student1454;8;13;14;P1
Student1455;5;6;11;P3
Student1456;2;13;15;P7
Student1457;2;17;4;P4
Student1458;12;20;17;P3
Student1459;5;2;18;P2
Student1460;12;16;5;P2
Student1461;19;15;3;P1
Student1462;13;10;17;P7
Student1463;11;15;13;P6
Student1464;5;15;9;P5
Student1465;5;11;8;P3
Student1466;5;1;16;P7
Student1467;16;4;19;P5
Student1468;19;6;10;P2
Student1469;8;17;12;P5
Student1470;13;10;3;P3
Student1471;15;8;8;P1
Student1472;20;18;20;P2
Student1473;11;19;12;P6
Student1474;9;1;20;P2
Student1475;6;12;14;P6
Student1476;7;8;7;P2
Student1477;1;1;15;P6
Student1478;19;17;4;P7
Student1479;10;14;6;P2
Student1480;18;19;20;P7
Student1481;0;12;7;P7
Student1482;17;2;5;P1
Student1483;3;18;8;P6
Student1484;7;1;18;P1
Student1485;6;20;17;P4
Student1486;14;9;1;P7
Student1487;10;13;5;P5
Student1488;3;15;17;P3
Student1489;12;15;12;P3
Student1490;12;2;19;P7
Student1491;17;18;19;P3
Student1492;14;9;12;P2
Student1493;8;19;1;P5
Student1494;16;3;4;P2
Student1495;17;9;12;P7
Student1496;1;1;17;P1
Student1497;4;14;7;P1
Student1498;16;13;10;P6
Student1499;12;15;16;P5
Student1500;5;10;17;P3
Student1501;11;4;20;P6
Student1502;3;3;13;P6
Student1503;19;5;5;P4
Student1504;11;5;13;P1
Student1505;14;10;11;P7
Student1506;0;16;12;P1
Student1507;17;6;17;P2
Student1508;13;13;3;P3
Student1509;18;12;6;P3
Student1510;8;2;8;P3
Student1511;1;5;17;P2
Student1512;7;16;17;P1
Student1513;8;1;0;P2
Student1514;15;8;6;P7
Student1515;1;16;5;P1
Student1516;3;12;11;P3
Student1517;18;19;0;P3
Student1518;15;13;13;P2
Student1519;0;0;7;P3
Student1520;4;12;9;P7
Student1521;12;7;3;P7
Student1522;10;4;15;P1
Student1523;16;5;19;P2
Student1524;2;17;4;P7
Student1525;2;14;19;P3
Student1526;18;14;15;P1
Student1527;1;0;13;P4
Student1528;1;7;13;P4
Student1529;13;13;13;P3
Student1530;18;15;17;P2
Student1531;7;2;10;P4
Student1532;9;14;11;P2
Student1533;19;12;15;P2
Student1534;8;4;16;P5
Student1535;11;13;14;P4
Student1536;15;9;4;P1
Student1537;6;14;0;P7
Student1538;3;18;9;P2
Student1539;7;6;17;P5
Student1540;20;15;18;P3
Student1541;9;3;13;P6
Student1542;1;15;6;P3
Student1543;10;8;2;P3
Student1544;15;4;18;P7
Student1545;18;18;6;P7
Student1546;7;19;16;P6
Student1547;2;5;8;P6
Student1548;9;6;17;P1
Student1549;15;20;4;P2
Student1550;13;5;3;P4
Student1551;11;9;20;P3
Student1552;2;0;4;P1
Student1553;10;5;10;P1
Student1554;13;7;15;P4
Student1555;20;10;19;P3
Student1556;10;14;6;P4
Student1557;19;18;18;P7
Student1558;8;12;1;P3
Student1559;8;17;4;P1
Student1560;1;13;1;P2
Student1561;10;2;7;P6
Student1562;4;20;0;P5
Student1563;16;16;0;P1
Student1564;18;15;19;P5
Student1565;11;2;8;P2
Student1566;16;9;5;P4
Student1567;5;0;9;P1
Student1568;14;0;19;P6
Student1569;9;3;16;P1
Student1570;13;6;6;P7
Student1571;0;4;6;P2
Student1572;3;7;9;P7
Student1573;11;11;19;P5
Student1574;10;1;3;P1
Student1575;0;11;12;P3
Student1576;6;9;5;P7
Student1577;14;15;9;P7
Student1578;17;11;11;P1
Student1579;11;9;4;P7
Student1580;19;13;6;P4
Student1581;1;4;20;P3
Student1582;4;0;18;P1
Student1583;17;14;15;P2
Student1584;1;20;20;P2
Student1585;18;20;20;P1
Student1586;5;2;19;P7
Student1587;5;3;19;P4
Student1588;6;6;15;P7
Student1589;8;1;19;P1
Student1590;10;9;20;P5
Student1591;6;17;14;P5
Student1592;20;20;5;P7
Student1593;16;8;4;P2
Student1594;12;5;2;P5
Student1595;10;19;12;P1
Student1596;1;12;15;P6
Student1597;19;11;20;P1
Student1598;3;18;13;P3
Student1599;4;1;11;P6
Student1600;0;7;2;P2
Student1601;1;10;12;P4
Student1602;14;19;14;P2
Student1603;4;9;12;P7
Student1604;10;13;4;P6
Student1605;8;1;13;P5
Student1606;6;9;6;P1
Student1607;7;0;11;P7
Student1608;18;15;8;P3
Student1609;11;0;14;P2
Student1610;1;12;7;P7
Student1611;20;17;19;P3
Student1612;18;10;19;P3
Student1613;1;19;10;P3
Student1614;16;13;19;P1
Student1615;14;5;10;P7
Student1616;3;3;19;P3
Student1617;5;0;18;P5
Student1618;1;20;2;P4
Student1619;12;11;19;P4
Student1620;5;20;14;P3
Student1621;8;15;9;P2
Student1622;5;2;17;P6
Student1623;20;9;15;P6
Student1624;14;5;8;P4
Student1625;12;19;20;P5
Student1626;11;8;1;P4
Student1627;0;15;13;P5
Student1628;15;12;9;P7
Student1629;19;20;15;P4
Student1630;10;0;10;P6
Student1631;12;4;12;P4
Student1632;0;6;1;P1
Student1633;11;0;18;P1
Student1634;5;7;2;P2
Student1635;17;1;2;P6
Student1636;18;10;18;P7
Student1637;7;2;10;P5
Student1638;19;12;17;P4
Student1639;11;4;13;P3
Student1640;4;4;17;P4
Student1641;10;4;20;P1
Student1642;15;11;9;P7
Student1643;4;1;1;P2
Student1644;13;20;4;P3
Student1645;20;0;6;P4
Student1646;16;18;7;P1
Student1647;13;3;4;P3
Student1648;7;9;10;P4
Student1649;20;5;3;P1
Student1650;18;20;4;P7
Student1651;13;0;13;P4
Student1652;4;12;8;P7
Student1653;15;13;2;P1
Student1654;9;3;3;P7
Student1655;10;15;13;P1
Student1656;4;9;14;P5
Student1657;1;4;9;P4
Student1658;9;9;7;P7
Student1659;3;13;13;P4
Student1660;1;11;3;P6
Student1661;18;10;7;P5
Student1662;6;8;18;P5
Student1663;2;16;18;P5
Student1664;10;19;9;P1
Student1665;18;6;1;P6
Student1666;18;10;10;P2
Student1667;12;15;17;P6
Student1668;19;3;19;P6
Student1669;15;15;10;P4
Student1670;16;20;4;P7
Student1671;20;10;7;P7
Student1672;9;5;4;P6
Student1673;18;4;4;P3
Student1674;4;18;3;P2
Student1675;16;9;16;P5
Student1676;2;3;18;P7
Student1677;2;5;11;P3
Student1678;16;7;19;P5
Student1679;16;16;6;P1
Student1680;1;7;4;P7
Student1681;0;7;5;P3
Student1682;14;16;18;P7
Student1683;3;20;2;P4
Student1684;11;9;11;P4
Student1685;14;16;2;P7
Student1686;10;19;15;P1
Student1687;7;5;17;P1
Student1688;17;14;10;P2
Student1689;5;2;8;P7
Student1690;13;5;6;P5
Student1691;16;1;15;P7
Student1692;18;13;2;P7
Student1693;16;8;15;P7
Student1694;15;6;18;P7
Student1695;3;0;11;P6
Student1696;14;6;5;P2
Student1697;2;18;3;P2
Student1698;8;18;19;P1
Student1699;10;6;19;P1
Student1700;3;12;3;P3
Student1701;13;2;11;P1
Student1702;4;5;15;P7
Student1703;12;14;14;P5
Student1704;0;10;12;P6
Student1705;9;6;5;P4
Student1706;1;5;13;P5
Student1707;20;3;7;P5
Student1708;18;9;16;P5
Student1709;3;7;10;P4
Student1710;8;0;20;P3
Student1711;18;12;7;P1
Student1712;11;15;8;P3
Student1713;19;7;3;P3
Student1714;12;0;20;P4
Student1715;11;5;12;P2
Student1716;7;19;17;P6
Student1717;0;9;10;P4
Student1718;17;7;17;P2
Student1719;17;4;19;P4
Student1720;0;2;18;P1
Student1721;4;19;8;P1
Student1722;2;19;3;P6
Student1723;5;11;13;P1
Student1724;11;15;3;P6
Student1725;4;12;14;P6
Student1726;2;10;12;P2
Student1727;11;14;4;P6
Student1728;9;6;19;P6
Student1729;1;15;3;P1
Student1730;4;13;18;P1
Student1731;10;9;0;P4
Student1732;13;10;8;P7
Student1733;16;17;5;P6
Student1734;11;2;14;P4
Student1735;20;18;7;P4
Student1736;20;13;10;P1
Student1737;17;15;0;P6
Student1738;18;4;8;P1
Student1739;17;3;3;P3
Student1740;4;7;16;P1
Student1741;16;16;17;P5
Student1742;3;8;6;P5
Student1743;1;5;7;P1
Student1744;8;20;6;P4
Student1745;3;3;7;P2
Student1746;13;19;4;P5
Student1747;17;6;5;P6
Student1748;13;2;9;P4
Student1749;18;20;19;P5
Student1750;5;15;10;P4
Student1751;1;16;10;P1
Student1752;1;6;16;P5
Student1753;19;7;20;P3
Student1754;8;0;6;P2
Student1755;0;0;9;P6
Student1756;20;17;15;P5
Student1757;11;4;1;P5
Student1758;12;1;13;P2
Student1759;16;16;1;P3
Student1760;20;12;9;P4
Student1761;13;11;12;P7
Student1762;3;14;4;P6
Student1763;5;10;20;P7
Student1764;15;9;5;P1
Student1765;16;16;8;P7
Student1766;7;5;16;P1
Student1767;19;9;16;P7
Student1768;17;19;16;P4
Student1769;6;15;9;P4
Student1770;5;1;5;P3
Student1771;5;0;0;P4
Student1772;4;20;17;P7
Student1773;14;5;1;P1
Student1774;12;4;12;P4
Student1775;3;8;0;P7
Student1776;6;20;17;P1
Student1777;7;16;16;P3
Student1778;0;1;2;P1
Student1779;18;1;0;P2
Student1780;13;2;9;P2
Student1781;2;14;16;P6
Student1782;16;9;12;P1
Student1783;20;20;2;P7
Student1784;20;18;15;P6
Student1785;8;11;19;P3
Student1786;10;19;20;P5
Student1787;15;7;8;P4
Student1788;17;1;7;P5
Student1789;10;5;20;P6
Student1790;19;6;12;P3
Student1791;11;13;2;P3
Student1792;13;18;20;P6
Student1793;6;17;5;P3
Student1794;7;14;14;P7
Student1795;12;3;3;P7
Student1796;19;10;2;P7
Student1797;3;0;18;P6
Student1798;5;18;13;P4
Student1799;17;1;11;P4
Student1800;9;1;1;P7
Student1801;3;13;7;P7
Student1802;17;7;19;P5
Student1803;16;9;12;P7
Student1804;9;15;4;P7
Student1805;19;15;1;P1
Student1806;5;14;18;P4
Student1807;6;8;5;P4
Student1808;5;4;5;P7
Student1809;3;4;20;P6
Student1810;8;3;5;P6
Student1811;17;5;16;P7
Student1812;17;10;5;P4
Student1813;6;10;19;P2
Student1814;8;15;14;P2
Student1815;17;9;6;P4
Student1816;11;16;11;P5
Student1817;7;18;8;P4
Student1818;2;17;14;P4
Student1819;9;17;13;P7
Student1820;3;3;10;P2
Student1821;17;10;3;P5
Student1822;5;15;17;P6
Student1823;7;17;8;P5
Student1824;17;2;18;P1
Student1825;7;5;3;P5
Student1826;7;0;20;P3
Student1827;1;16;18;P6
Student1828;12;17;15;P2
Student1829;6;17;4;P4
Student1830;16;9;7;P2
Student1831;19;8;6;P1
Student1832;10;20;19;P7
Student1833;17;1;4;P2
Student1834;3;17;14;P5
Student1835;9;19;8;P1
Student1836;8;1;13;P1
Student1837;0;10;7;P1
Student1838;10;8;10;P5
Student1839;17;16;15;P4
Student1840;8;19;4;P5
Student1841;13;19;20;P1
Student1842;7;19;14;P6
Student1843;19;15;19;P2
Student1844;0;18;9;P3
Student1845;7;17;6;P3
Student1846;5;10;11;P4
Student1847;6;9;9;P1
Student1848;11;19;5;P4
Student1849;3;9;5;P7
Student1850;8;10;1;P4
Student1851;6;14;4;P6
Student1852;2;2;13;P5
Student1853;1;7;13;P1
Student1854;18;1;7;P1
Student1855;13;3;7;P6
Student1856;18;10;7;P1
Student1857;5;14;17;P5
Student1858;12;7;17;P2
Student1859;18;15;5;P3
Student1860;12;9;17;P1
Student1861;1;16;14;P2
Student1862;10;14;8;P2
Student1863;20;13;9;P5
Student1864;20;14;9;P4
Student1865;11;18;16;P6
Student1866;18;7;1;P4
Student1867;12;8;18;P1
Student1868;3;10;20;P2
Student1869;4;1;17;P2
Student1870;10;20;18;P6
Student1871;4;11;0;P7
Student1872;17;20;0;P6
Student1873;16;2;4;P4
Student1874;7;5;15;P7
Student1875;19;17;11;P6
Student1876;7;2;2;P5
Student1877;2;0;16;P7
Student1878;14;18;9;P7
Student1879;8;15;4;P2
Student1880;19;2;20;P7
Student1881;3;13;18;P7
Student1882;18;19;4;P1
Student1883;6;3;3;P4
Student1884;14;13;1;P7
Student1885;20;3;19;P1
Student1886;16;19;4;P3
Student1887;2;9;2;P5
Student1888;10;0;0;P3
Student1889;7;7;19;P7
Student1890;1;5;5;P4
Student1891;20;13;15;P3
Student1892;12;19;13;P5
Student1893;1;11;20;P2
Student1894;12;8;1;P6
Student1895;14;12;2;P4
Student1896;18;6;16;P3
Student1897;16;8;15;P2
Student1898;18;14;12;P4
Student1899;0;2;2;P4
Student1900;17;9;2;P7
Student1901;5;10;2;P6
Student1902;9;19;14;P1
Student1903;19;11;18;P4
Student1904;7;18;18;P5
Student1905;19;11;15;P7
Student1906;11;6;8;P4
Student1907;5;10;13;P2
Student1908;7;3;15;P6
Student1909;20;16;12;P2
Student1910;0;12;2;P1
Student1911;18;2;10;P5
Student1912;18;6;17;P4
Student1913;15;13;9;P7
Student1914;12;1;15;P1
Student1915;3;2;9;P3
Student1916;1;12;0;P7
Student1917;1;0;13;P5
Student1918;10;13;17;P1
Student1919;3;15;6;P7
Student1920;1;7;20;P5
Student1921;8;4;19;P7
Student1922;19;8;17;P7
Student1923;0;17;9;P1
Student1924;1;4;0;P2
Student1925;18;14;17;P4
Student1926;11;8;11;P2
Student1927;12;16;3;P7
Student1928;9;2;0;P5
Student1929;8;8;1;P4
Student1930;1;12;14;P6
Student1931;1;9;6;P3
Student1932;19;12;8;P5
Student1933;19;16;8;P2
Student1934;1;13;18;P4
Student1935;14;1;9;P3
Student1936;19;2;18;P5
Student1937;12;14;4;P3
Student1938;2;13;17;P5
Student1939;12;0;13;P4
Student1940;5;16;14;P6
Student1941;14;20;20;P5
Student1942;0;17;6;P7
Student1943;4;2;11;P6
Student1944;18;6;8;P6
Student1945;19;5;4;P6
Student1946;11;13;15;P6
Student1947;15;20;15;P5
Student1948;17;13;13;P6
Student1949;1;12;3;P2
Student1950;1;6;16;P4
Student1951;13;11;6;P2
Student1952;6;13;7;P5
Student1953;7;10;10;P4
Student1954;15;8;6;P5
Student1955;10;10;11;P5
Student1956;18;7;20;P6
Student1957;2;12;1;P1
Student1958;1;1;13;P1
Student1959;13;16;18;P1
Student1960;8;11;20;P3
Student1961;17;12;4;P2
Student1962;6;16;2;P7
Student1963;2;10;0;P3
Student1964;3;6;16;P7
Student1965;0;12;10;P7
Student1966;4;17;1;P1
Student1967;15;6;5;P4
Student1968;6;15;19;P7
Student1969;19;16;16;P5
Student1970;3;19;11;P2
Student1971;5;13;8;P7
Student1972;14;11;14;P6
Student1973;2;8;14;P6
Student1974;12;9;3;P3
Student1975;14;18;19;P3
Student1976;7;6;11;P5
Student1977;19;17;4;P6
Student1978;8;18;12;P1
Student1979;7;1;13;P1
Student1980;0;3;14;P4
Student1981;1;3;18;P1
Student1982;19;1;18;P4
Student1983;14;8;5;P4
Student1984;19;1;19;P3
Student1985;11;5;17;P7
Student1986;14;12;6;P7
Student1987;10;15;18;P2
Student1988;19;5;9;P5
Student1989;13;0;7;P5
Student1990;5;16;17;P1
Student1991;3;5;2;P4
Student1992;0;5;0;P7
Student1993;15;4;16;P7
Student1994;8;9;7;P3
Student1995;12;16;0;P2
Student1996;18;6;7;P4
Student1997;9;19;18;P1
Student1998;15;14;10;P3
Student1999;9;12;5;P7
Student2000;16;5;18;P2
Student2001;4;2;20;P5
Student2002;12;19;3;P3
Student2003;7;13;14;P4
Student2004;10;8;19;P2
Student2005;5;20;5;P5
Student2006;2;11;5;P4
Student2007;0;20;0;P6
Student2008;10;12;10;P3
Student2009;2;14;14;P6
Student2010;3;1;20;P4
Student2011;18;8;18;P6
Student2012;3;18;3;P3
Student2013;7;19;0;P1
Student2014;14;1;8;P7
Student2015;18;19;6;P4
Student2016;0;14;8;P4
Student2017;4;12;17;P5
Student2018;20;0;10;P6
Student2019;12;19;17;P3
Student2020;6;17;1;P3
Student2021;13;18;11;P5
Student2022;4;8;3;P4
Student2023;13;14;13;P6
Student2024;17;13;10;P3
Student2025;5;13;4;P2
Student2026;16;17;11;P6
Student2027;20;4;5;P3
Student2028;5;14;14;P3
Student2029;15;12;3;P4
Student2030;10;7;9;P2
Student2031;19;20;13;P7
Student2032;11;12;3;P4
Student2033;14;13;0;P7
Student2034;14;3;16;P1
Student2035;6;16;12;P7
Student2036;15;2;3;P5
Student2037;13;2;2;P7
Student2038;12;3;5;P1
Student2039;14;1;0;P1
Student2040;8;7;6;P5
Student2041;11;4;17;P7
Student2042;20;14;12;P5
Student2043;9;9;11;P3
Student2044;3;1;15;P1
Student2045;10;16;12;P7
Student2046;2;11;12;P4
Student2047;13;16;6;P2
Student2048;0;1;10;P7
Student2049;1;10;15;P3
Student2050;6;15;20;P7
Student2051;20;20;3;P5
Student2052;7;1;18;P2
Student2053;20;14;8;P7
Student2054;11;7;19;P4
Student2055;17;8;10;P2
Student2056;11;17;3;P7
Student2057;16;18;19;P7
Student2058;20;11;9;P4
Student2059;5;9;2;P4
Student2060;9;18;3;P4
Student2061;11;16;12;P7
Student2062;12;3;2;P7
Student2063;20;12;2;P2
Student2064;8;6;7;P3
Student2065;19;9;14;P5
Student2066;4;7;1;P4
Student2067;11;1;15;P2
Student2068;2;4;17;P6
Student2069;17;13;0;P1
Student2070;19;17;13;P5
Student2071;12;13;1;P5
Student2072;19;4;14;P1
Student2073;8;7;17;P4
Student2074;4;11;4;P5
Student2075;19;15;8;P3
Student2076;19;14;0;P3
Student2077;18;2;17;P7
Student2078;5;15;6;P4
Student2079;14;18;14;P4
Student2080;10;8;18;P2
Student2081;5;13;10;P1
Student2082;15;16;13;P5
Student2083;12;0;2;P5
Student2084;9;20;17;P3
Student2085;7;2;17;P3
Student2086;0;7;13;P2
Student2087;18;10;12;P3
Student2088;4;2;1;P1
Student2089;1;6;15;P1
Student2090;4;20;15;P7
Student2091;17;5;16;P7
Student2092;9;16;0;P3
Student2093;0;16;3;P3
Student2094;9;7;8;P3
Student2095;16;4;18;P5
Student2096;4;9;5;P4
Student2097;3;13;15;P2
Student2098;17;13;5;P2
Student2099;5;18;17;P1
Student2100;0;14;17;P5
Student2101;6;5;17;P2
Student2102;18;0;0;P3
Student2103;10;19;6;P3
Student2104;6;9;5;P1
Student2105;1;1;16;P3
Student2106;2;7;8;P3
Student2107;7;18;5;P7
Student2108;3;12;15;P5
Student2109;1;3;19;P4
Student2110;2;19;9;P2
Student2111;8;3;6;P7
Student2112;17;17;12;P2
Student2113;14;11;20;P6
Student2114;10;11;17;P3
Student2115;9;16;11;P7
Student2116;1;2;1;P7
Student2117;19;0;9;P1
Student2118;9;7;2;P4
Student2119;16;18;16;P4
Student2120;12;4;6;P6
Student2121;13;14;8;P4
Student2122;13;13;2;P4
Student2123;10;3;11;P1
Student2124;3;9;0;P3
Student2125;17;5;2;P3
Student2126;17;13;11;P1
Student2127;12;16;8;P5
Student2128;4;14;6;P4
Student2129;3;14;17;P3
Student2130;10;7;10;P3
Student2131;18;0;13;P6
Student2132;20;18;17;P4
Student2133;11;11;20;P1
Student2134;3;1;16;P3
Student2135;2;15;19;P5
Student2136;6;5;0;P6
Student2137;16;2;11;P3
Student2138;16;13;4;P3
Student2139;11;16;19;P7
Student2140;0;19;13;P3
Student2141;3;6;11;P2
Student2142;16;11;16;P1
Student2143;9;1;6;P4
Student2144;20;12;2;P2
Student2145;9;7;2;P6
Student2146;12;12;0;P6
Student2147;11;7;14;P3
Student2148;0;1;18;P5
Student2149;15;1;16;P1
Student2150;8;5;16;P3
Student2151;0;14;15;P4
Student2152;6;6;14;P3
Student2153;7;16;2;P5
Student2154;4;20;10;P6
Student2155;4;6;4;P2
Student2156;9;0;12;P6
Student2157;13;16;6;P6
Student2158;20;1;10;P2
Student2159;15;1;1;P1
Student2160;13;4;2;P7
Student2161;1;16;19;P6
Student2162;12;10;7;P4
Student2163;19;17;11;P1
Student2164;11;10;13;P3
Student2165;11;5;13;P6
Student2166;14;12;2;P6
Student2167;7;1;19;P1
Student2168;15;14;13;P1
Student2169;19;13;15;P4
Student2170;4;7;0;P2
Student2171;5;8;17;P3
Student2172;13;13;9;P1
Student2173;4;17;12;P5
Student2174;14;2;3;P6
Student2175;1;19;6;P5
Student2176;8;2;0;P7
Student2177;19;16;17;P1
Student2178;7;20;17;P2
Student2179;9;16;16;P1
Student2180;18;15;9;P6
Student2181;4;11;12;P4
Student2182;0;19;1;P6
Student2183;19;15;10;P6
Student2184;12;15;1;P3
Student2185;5;9;16;P5
Student2186;17;16;10;P4
Student2187;20;19;17;P6
Student2188;4;1;8;P7
Student2189;19;20;14;P1
Student2190;9;0;11;P7
Student2191;3;9;14;P5
Student2192;5;10;2;P4
Student2193;15;19;12;P7
Student2194;6;19;16;P2
Student2195;10;0;15;P5
Student2196;16;3;10;P2
Student2197;20;15;19;P2
Student2198;14;0;2;P3
Student2199;0;18;5;P3
Student2200;11;17;18;P4
Student2201;3;19;4;P3
Student2202;19;11;19;P4
Student2203;4;10;6;P1
Student2204;7;5;15;P5
Student2205;18;12;6;P1
Student2206;1;16;3;P6
Student2207;15;20;19;P1
Student2208;20;14;8;P3
Student2209;8;1;6;P7
Student2210;15;20;5;P7
Student2211;19;6;12;P5
Student2212;14;0;3;P3
Student2213;17;16;16;P5
Student2214;3;0;3;P4
Student2215;0;13;18;P3
Student2216;5;7;0;P4
Student2217;19;14;0;P7
Student2218;13;14;9;P6
Student2219;11;0;4;P6
Student2220;20;16;6;P7
Student2221;5;2;18;P5
Student2222;5;18;14;P4
Student2223;10;11;3;P3
Student2224;18;3;7;P1
Student2225;5;0;2;P6
Student2226;9;13;15;P7
Student2227;1;14;12;P2
Student2228;5;8;12;P1
Student2229;7;7;3;P2
Student2230;7;17;15;P6
Student2231;13;9;6;P4
Student2232;0;9;16;P3
Student2233;10;8;7;P4
Student2234;0;0;10;P2
Student2235;4;17;8;P5
Student2236;5;1;10;P1
Student2237;20;16;7;P5
Student2238;6;6;16;P4
Student2239;4;13;8;P6
Student2240;16;7;8;P4
Student2241;7;5;2;P6
Student2242;10;0;3;P3
Student2243;9;8;16;P6
Student2244;11;13;17;P1
Student2245;7;13;6;P7
Student2246;3;5;16;P4
Student2247;18;6;6;P7
Student2248;6;2;3;P4
Student2249;2;6;19;P2
Student2250;5;17;1;P3
Student2251;11;8;11;P7
Student2252;14;13;2;P4
Student2253;11;0;20;P7
Student2254;5;13;15;P5
Student2255;9;8;5;P6
Student2256;20;11;9;P6
Student2257;19;1;19;P1
Student2258;1;20;3;P4
Student2259;9;18;9;P1
Student2260;17;11;13;P1
Student2261;11;18;15;P3
Student2262;7;5;16;P7
Student2263;14;17;2;P4
Student2264;1;11;13;P4
Student2265;4;20;17;P2
Student2266;11;14;7;P3
Student2267;5;8;6;P3
Student2268;14;4;4;P6
Student2269;7;7;2;P1
Student2270;8;11;15;P6
Student2271;3;16;18;P7
Student2272;14;10;10;P7
Student2273;1;14;13;P4
Student2274;15;11;15;P2
Student2275;5;12;4;P2
Student2276;5;5;17;P7
Student2277;1;9;13;P7
Student2278;11;8;13;P7
Student2279;3;17;2;P1
Student2280;8;14;8;P4
Student2281;12;9;8;P2
Student2282;13;11;14;P4
Student2283;16;19;10;P5
Student2284;18;1;15;P7
Student2285;20;0;1;P7
Student2286;2;6;0;P2
Student2287;12;6;19;P4
Student2288;18;11;3;P5
Student2289;10;2;9;P4
Student2290;17;8;19;P1
Student2291;5;5;12;P4
Student2292;20;2;11;P2
Student2293;20;7;15;P3
Student2294;0;6;10;P2
Student2295;17;12;12;P5
Student2296;0;8;11;P3
Student2297;12;16;18;P6
Student2298;14;18;7;P4
Student2299;17;2;16;P3
Student2300;0;5;5;P2
Student2301;4;7;19;P1
Student2302;0;10;14;P2
Student2303;8;0;12;P5
Student2304;17;8;10;P7
Student2305;9;13;3;P3
Student2306;13;18;4;P1
Student2307;8;18;12;P1
Student2308;5;12;20;P5
Student2309;19;19;10;P4
Student2310;2;6;10;P1
Student2311;8;15;9;P5
Student2312;13;2;19;P6
Student2313;6;3;1;P1
Student2314;2;9;4;P1
Student2315;2;2;10;P4
Student2316;2;13;14;P5
Student2317;8;14;16;P1
Student2318;10;8;19;P1
Student2319;3;19;2;P3
Student2320;19;9;16;P6
Student2321;9;2;7;P1
Student2322;16;7;1;P2
Student2323;20;3;3;P3
Student2324;15;1;11;P5
Student2325;9;16;19;P5
Student2326;13;11;19;P6
Student2327;3;7;17;P7
Student2328;8;9;2;P2
Student2329;7;10;3;P3
Student2330;13;8;6;P6
Student2331;19;20;10;P6
Student2332;0;8;10;P1
Student2333;4;13;2;P6
Student2334;16;10;11;P6
Student2335;10;1;18;P1
Student2336;18;3;2;P4
Student2337;11;13;1;P2
Student2338;17;4;17;P1
Student2339;11;15;11;P6
Student2340;8;20;6;P2
Student2341;6;10;0;P4
Student2342;14;0;17;P6
Student2343;2;8;11;P5
Student2344;0;3;1;P4
Student2345;18;9;4;P4
Student2346;19;18;8;P7
Student2347;7;6;5;P4
Student2348;5;2;20;P2
Student2349;19;17;14;P1
Student2350;9;4;18;P2
Student2351;6;15;4;P5
Student2352;18;6;16;P4
Student2353;4;3;8;P1
Student2354;18;4;8;P6
Student2355;14;6;20;P4
Student2356;16;20;0;P4
Student2357;1;1;16;P2
Student2358;17;2;4;P3
Student2359;20;20;18;P6
Student2360;14;5;9;P2
Student2361;6;4;19;P2
Student2362;13;3;14;P5
Student2363;18;4;8;P2
Student2364;7;11;3;P2
Student2365;2;12;19;P3
Student2366;17;8;17;P5
Student2367;3;3;9;P5
Student2368;4;7;4;P6
Student2369;13;12;19;P6
Student2370;6;9;15;P5
Student2371;10;15;17;P3
Student2372;16;19;16;P5
Student2373;6;10;6;P1
Student2374;17;7;15;P2
Student2375;11;6;12;P6
Student2376;8;12;13;P3
Student2377;2;7;2;P4
Student2378;6;18;14;P3
Student2379;8;16;10;P5
Student2380;14;14;4;P4
Student2381;13;19;3;P5
Student2382;19;19;2;P1
Student2383;3;16;7;P4
Student2384;1;17;8;P4
Student2385;4;15;8;P5
Student2386;20;15;19;P1
Student2387;16;18;5;P7
Student2388;4;19;8;P3
Student2389;12;16;0;P6
Student2390;1;19;5;P2
Student2391;8;19;13;P7
Student2392;10;8;12;P3
Student2393;20;8;9;P6
Student2394;13;0;0;P7
Student2395;9;1;8;P1
Student2396;8;10;9;P1
Student2397;16;20;18;P5
Student2398;18;10;7;P5
Student2399;11;4;18;P2
Student2400;13;12;17;P7
Student2401;6;6;13;P7
Student2402;3;8;3;P6
Student2403;2;6;18;P4
Student2404;0;17;12;P3
Student2405;7;14;8;P5
Student2406;18;10;2;P4
Student2407;7;7;3;P3
Student2408;8;10;19;P5
Student2409;9;2;11;P4
Student2410;19;0;7;P5
Student2411;14;2;12;P5
Student2412;20;11;7;P6
Student2413;6;4;16;P2
Student2414;5;0;15;P7
Student2415;3;11;14;P4
Student2416;11;19;10;P4
Student2417;10;17;6;P6
Student2418;8;16;19;P2
Student2419;2;1;10;P7
Student2420;8;7;8;P7
Student2421;12;4;9;P2
Student2422;19;9;20;P3
Student2423;2;9;1;P7
Student2424;7;14;12;P3
Student2425;12;13;11;P3
Student2426;14;6;12;P6
Student2427;16;10;8;P5
Student2428;13;2;8;P1
Student2429;15;13;8;P2
Student2430;19;13;13;P5
Student2431;2;15;20;P3
Student2432;17;1;15;P1
Student2433;19;14;13;P5
Student2434;13;17;19;P7
Student2435;4;6;11;P3
Student2436;15;18;5;P6
Student2437;17;18;3;P5
Student2438;8;16;12;P2
Student2439;2;17;16;P6
Student2440;16;2;18;P4
Student2441;16;8;15;P1
Student2442;10;20;19;P3
Student2443;3;7;11;P5
Student2444;7;16;17;P3
Student2445;19;17;11;P2
Student2446;1;9;13;P5
Student2447;8;7;3;P3
Student2448;14;2;6;P5
Student2449;18;13;17;P3
Student2450;20;20;8;P1
Student2451;20;8;3;P1
Student2452;6;18;16;P1
Student2453;1;15;13;P5
Student2454;12;9;0;P5
Student2455;8;20;6;P5
Student2456;1;5;5;P3
Student2457;11;6;0;P2
Student2458;10;4;3;P1
Student2459;6;17;19;P7
Student2460;3;4;18;P1
Student2461;3;6;10;P1
Student2462;4;7;9;P1
Student2463;10;8;18;P4
Student2464;6;17;18;P2
Student2465;0;10;7;P2
Student2466;12;1;11;P4
Student2467;13;4;20;P3
Student2468;0;2;10;P3
Student2469;18;6;15;P7
Student2470;4;9;9;P7
Student2471;15;18;5;P5
Student2472;6;18;2;P6
Student2473;3;8;9;P1
Student2474;20;4;3;P7
Student2475;9;1;15;P6
Student2476;13;19;2;P3
Student2477;14;9;3;P7
Student2478;12;14;14;P4
Student2479;11;6;15;P1
Student2480;16;3;14;P2
Student2481;6;9;14;P7
Student2482;13;20;20;P6
Student2483;2;9;15;P4
Student2484;16;1;9;P2
Student2485;11;19;8;P7
Student2486;10;6;7;P2
Student2487;8;5;11;P3
Student2488;11;20;3;P7
Student2489;13;8;16;P7
Student2490;3;10;0;P2
Student2491;0;8;20;P5
Student2492;8;12;6;P1
Student2493;12;4;17;P3
Student2494;16;19;4;P5
Student2495;8;19;14;P6
Student2496;14;0;19;P3
Student2497;7;5;13;P5
Student2498;4;7;6;P7
Student2499;12;18;10;P2
Student2500;19;10;5;P7
Student2501;17;15;13;P4
Student2502;13;8;11;P3
Student2503;12;20;18;P1
Student2504;14;7;16;P4
Student2505;2;7;7;P2
Student2506;19;5;5;P4
Student2507;16;17;5;P5
Student2508;7;5;6;P6
Student2509;2;1;3;P3
Student2510;16;0;9;P7
Student2511;1;12;16;P4
Student2512;15;2;1;P6
Student2513;13;16;20;P4
Student2514;1;19;18;P6
Student2515;20;4;8;P7
Student2516;7;11;17;P3
Student2517;3;5;0;P3
Student2518;20;16;8;P1
Student2519;11;10;17;P6
Student2520;12;13;1;P6
Student2521;3;20;12;P3
Student2522;6;20;5;P7
Student2523;3;7;18;P1
Student2524;5;5;4;P3
Student2525;8;19;7;P5
Student2526;11;13;18;P5
Student2527;20;12;1;P3
Student2528;18;15;15;P3
Student2529;7;12;16;P1
Student2530;20;16;19;P2
Student2531;1;6;1;P1
Student2532;6;19;10;P4
Student2533;11;7;9;P3
Student2534;15;8;2;P7
Student2535;3;4;6;P3
Student2536;1;5;3;P6
Student2537;6;5;2;P1
Student2538;2;17;15;P5
Student2539;10;18;14;P7
Student2540;17;0;5;P1
Student2541;5;5;17;P5
Student2542;9;18;13;P6
Student2543;10;6;13;P2
Student2544;4;11;9;P7
Student2545;7;4;19;P6
Student2546;17;0;13;P7
Student2547;11;11;2;P5
Student2548;12;0;8;P1
Student2549;6;18;6;P5
Student2550;11;1;13;P1
Student2551;4;8;8;P6
Student2552;12;9;7;P3
Student2553;6;8;14;P6
Student2554;17;3;20;P6
Student2555;7;13;2;P6
Student2556;8;11;12;P6
Student2557;11;1;4;P3
Student2558;6;13;1;P1
Student2559;6;17;1;P6
Student2560;8;14;16;P5
Student2561;3;4;18;P4
Student2562;11;9;11;P4
Student2563;0;16;9;P5
Student2564;16;12;10;P5
Student2565;3;19;19;P1
Student2566;10;1;3;P1
Student2567;4;15;19;P5
Student2568;4;18;16;P1
Student2569;13;0;5;P4
Student2570;16;9;1;P3
Student2571;7;4;19;P3
Student2572;20;18;0;P1
Student2573;13;4;17;P3
Student2574;18;5;2;P2
Student2575;2;6;1;P4
Student2576;4;4;15;P7
Student2577;12;7;15;P7
Student2578;9;14;1;P7
Student2579;13;5;3;P3
Student2580;16;15;13;P3
Student2581;10;15;18;P1
Student2582;1;13;16;P7
Student2583;19;3;3;P6
Student2584;13;2;10;P6
Student2585;5;15;8;P2
Student2586;5;2;18;P2
Student2587;3;19;14;P2
Student2588;18;7;7;P1
Student2589;3;16;16;P3
Student2590;17;13;19;P1
Student2591;20;16;20;P2
Student2592;19;17;14;P2
Student2593;2;15;5;P6
Student2594;1;2;1;P2
Student2595;7;9;8;P1
Student2596;14;18;13;P6
Student2597;10;0;6;P5
Student2598;5;1;12;P5
Student2599;15;17;15;P5
Student2600;15;19;13;P7
Student2601;10;16;16;P3
Student2602;9;6;6;P6
Student2603;1;2;15;P6
Student2604;19;3;6;P7
Student2605;11;0;12;P6
Student2606;5;8;1;P1
Student2607;10;3;15;P6
Student2608;5;17;6;P7
Student2609;9;8;12;P1
Student2610;2;6;14;P5
Student2611;5;17;20;P2
Student2612;0;2;1;P3
Student2613;1;2;2;P7
Student2614;13;19;17;P4
Student2615;12;3;5;P2
Student2616;0;19;17;P1
Student2617;12;3;0;P4
Student2618;4;17;19;P7
Student2619;13;1;0;P3
Student2620;5;18;1;P5
Student2621;12;13;14;P7
Student2622;19;3;0;P6
Student2623;13;10;13;P7
Student2624;13;17;3;P1
Student2625;4;8;13;P5
Student2626;0;10;8;P3
Student2627;5;19;6;P5
Student2628;6;17;5;P4
Student2629;3;9;13;P5
Student2630;1;17;1;P5
Student2631;17;15;11;P1
Student2632;13;19;19;P5
Student2633;16;12;17;P4
Student2634;7;14;10;P6
Student2635;20;7;0;P2
Student2636;6;19;8;P4
Student2637;11;8;4;P1
Student2638;6;8;12;P4
Student2639;5;10;9;P2
Student2640;17;13;0;P5
Student2641;0;15;14;P6
Student2642;14;5;6;P2
Student2643;9;13;0;P7
Student2644;18;6;10;P7
Student2645;7;12;15;P1
Student2646;4;15;13;P6
Student2647;15;20;16;P5
Student2648;1;2;13;P5
Student2649;16;16;5;P7
Student2650;20;18;15;P6
Student2651;14;14;18;P2
Student2652;16;12;8;P1
Student2653;12;14;12;P3
Student2654;3;20;4;P1
Student2655;20;12;15;P6
Student2656;7;5;17;P2
Student2657;10;2;16;P6
Student2658;2;19;4;P1
Student2659;3;11;20;P7
Student2660;6;4;15;P6
Student2661;2;7;3;P2
Student2662;18;1;12;P3
Student2663;2;8;4;P2
Student2664;12;8;15;P2
Student2665;10;7;19;P2
Student2666;18;15;18;P7
Student2667;18;12;3;P3
Student2668;5;15;9;P7
Student2669;5;1;10;P5
Student2670;10;5;6;P1
Student2671;7;11;13;P7
Student2672;9;4;6;P5
Student2673;11;18;18;P3
Student2674;19;7;14;P4
Student2675;7;6;1;P7
Student2676;4;8;2;P7
Student2677;2;0;16;P3
Student2678;20;1;0;P7
Student2679;14;14;16;P3
Student2680;12;0;0;P1
Student2681;4;18;16;P3
Student2682;3;12;19;P7
Student2683;15;13;0;P7
Student2684;8;5;10;P1
Student2685;20;4;3;P2
Student2686;8;9;0;P1
Student2687;0;5;12;P5
Student2688;15;16;1;P2
Student2689;2;0;6;P7
Student2690;6;16;20;P1
Student2691;15;7;18;P1
Student2692;10;7;15;P5
Student2693;18;2;0;P7
Student2694;7;12;4;P6
Student2695;10;17;2;P2
Student2696;20;17;1;P7
Student2697;15;4;12;P1
Student2698;2;13;7;P7
Student2699;14;2;6;P6
Student2700;20;7;9;P4
Student2701;4;9;11;P7
Student2702;15;16;17;P7
Student2703;7;3;8;P5
Student2704;5;5;16;P1
Student2705;8;1;15;P6
Student2706;20;2;19;P6
Student2707;2;14;8;P3
Student2708;6;7;13;P4
Student2709;7;8;2;P7
Student2710;15;11;3;P3
Student2711;3;9;13;P6
Student2712;9;16;11;P1
Student2713;11;5;17;P1
Student2714;11;0;18;P7
Student2715;20;4;15;P7
Student2716;15;2;5;P6
Student2717;0;7;18;P1
Student2718;0;18;4;P4
Student2719;16;3;18;P4
Student2720;11;11;19;P6
Student2721;11;15;9;P6
Student2722;3;7;8;P4
Student2723;16;19;7;P4
Student2724;4;20;14;P1
Student2725;13;12;3;P1
Student2726;1;16;17;P7
Student2727;20;17;2;P3
Student2728;15;14;4;P4
Student2729;2;17;11;P5
Student2730;11;7;11;P2
Student2731;20;4;20;P1
Student2732;18;17;9;P6
Student2733;6;9;16;P1
Student2734;14;9;0;P3
Student2735;17;7;16;P3
Student2736;8;19;10;P4
Student2737;8;14;1;P5
Student2738;19;8;10;P7
Student2739;16;19;15;P4
Student2740;8;6;0;P5
Student2741;12;13;14;P3
Student2742;6;0;1;P5
Student2743;3;14;0;P3
Student2744;6;12;20;P3
Student2745;14;7;7;P7
Student2746;7;4;20;P3
Student2747;15;13;10;P5
Student2748;12;7;0;P3
Student2749;20;2;19;P4
Student2750;12;20;7;P7
Student2751;14;8;2;P7
Student2752;1;7;15;P4
Student2753;11;11;0;P1
Student2754;18;1;1;P3
Student2755;10;2;16;P5
Student2756;17;15;7;P7
Student2757;3;11;10;P2
Student2758;4;13;2;P7
Student2759;16;6;12;P4
Student2760;19;6;14;P3
Student2761;5;11;4;P6
Student2762;2;19;8;P2
Student2763;2;2;4;P5
Student2764;20;16;13;P7
Student2765;1;20;3;P7
Student2766;6;19;16;P4
Student2767;16;19;11;P7
Student2768;12;9;13;P5
Student2769;9;12;7;P7
Student2770;4;7;12;P3
Student2771;18;2;3;P1
Student2772;6;6;2;P1
Student2773;17;13;4;P6
Student2774;15;0;10;P3
Student2775;14;2;12;P2
Student2776;15;14;16;P5
Student2777;16;9;11;P5
Student2778;0;2;11;P5
Student2779;9;16;20;P1
Student2780;5;5;12;P6
Student2781;8;2;16;P1
Student2782;3;6;3;P5
Student2783;11;19;8;P3
Student2784;14;2;7;P2
Student2785;3;12;2;P5
Student2786;5;0;5;P2
Student2787;14;0;11;P3
Student2788;11;19;17;P3
Student2789;15;10;0;P6
Student2790;2;11;19;P3
Student2791;12;1;14;P5
Student2792;13;20;11;P4
Student2793;7;3;1;P7
Student2794;10;2;14;P6
Student2795;19;4;19;P6
Student2796;4;11;10;P2
Student2797;2;9;3;P1
Student2798;9;3;5;P6
Student2799;15;20;13;P3
Student2800;12;13;13;P7
Student2801;19;6;2;P7
Student2802;20;3;11;P3
Student2803;8;8;12;P4
Student2804;18;8;11;P5
Student2805;6;16;8;P2
Student2806;4;10;1;P6
Student2807;19;6;9;P6
Student2808;3;17;20;P2
Student2809;5;19;13;P7
Student2810;6;1;5;P1
Student2811;11;9;8;P2
Student2812;11;7;5;P2
Student2813;18;6;0;P5
Student2814;15;11;6;P5
Student2815;20;13;13;P1
Student2816;1;2;16;P3
Student2817;16;15;12;P1
Student2818;15;14;8;P6
Student2819;0;4;12;P5
Student2820;14;16;15;P2
Student2821;3;5;17;P2
Student2822;2;4;4;P6
Student2823;17;20;3;P4
Student2824;3;10;9;P6
Student2825;4;14;19;P5
Student2826;15;6;5;P1
Student2827;1;8;0;P1
Student2828;18;11;10;P1
Student2829;20;0;9;P1
Student2830;12;6;12;P2
Student2831;4;5;17;P3
Student2832;15;11;18;P6
Student2833;14;4;11;P3
Student2834;7;11;15;P2
Student2835;1;7;5;P7
Student2836;4;6;14;P4
Student2837;17;5;6;P5
Student2838;13;13;10;P2
Student2839;7;10;19;P3
Student2840;5;8;9;P2
Student2841;19;7;1;P1
Student2842;12;5;12;P3
Student2843;14;9;10;P4
Student2844;10;15;9;P3
Student2845;9;3;4;P1
Student2846;3;11;7;P7
Student2847;16;0;14;P2
Student2848;19;11;6;P4
Student2849;0;0;17;P1
Student2850;3;0;15;P3
Student2851;11;11;13;P5
Student2852;5;19;20;P7
Student2853;12;14;2;P2
Student2854;16;14;3;P7
Student2855;17;19;7;P4
Student2856;2;13;9;P3
Student2857;17;4;2;P2
Student2858;0;4;2;P3
Student2859;18;19;2;P3
Student2860;2;11;9;P3
Student2861;14;14;7;P6
Student2862;10;3;3;P1
Student2863;6;20;8;P3
Student2864;2;12;20;P2
Student2865;17;10;20;P4
Student2866;4;10;11;P6
Student2867;6;12;12;P6
Student2868;9;13;17;P2
Student2869;10;20;12;P6
Student2870;8;1;19;P5
Student2871;0;1;13;P5
Student2872;3;11;4;P7
Student2873;5;16;9;P7
Student2874;18;12;12;P7
Student2875;10;9;6;P6
Student2876;6;15;8;P3
Student2877;18;0;1;P3
Student2878;2;2;20;P5
Student2879;17;12;15;P2
Student2880;6;10;3;P3
Student2881;19;5;5;P7
Student2882;3;7;0;P5
Student2883;13;0;13;P7
Student2884;9;11;5;P4
Student2885;8;5;0;P3
Student2886;9;11;7;P6
Student2887;9;3;5;P2
Student2888;5;11;0;P1
Student2889;8;1;0;P5
Student2890;3;10;6;P5
Student2891;19;16;16;P5
Student2892;4;0;0;P2
Student2893;5;13;10;P5
Student2894;13;7;6;P7
Student2895;16;10;1;P6
Student2896;20;4;13;P2
Student2897;6;0;19;P6
Student2898;3;5;14;P2
Student2899;2;12;15;P2
Student2900;0;5;17;P2
Student2901;12;3;18;P1
Student2902;16;18;11;P7
Student2903;1;18;8;P6
Student2904;18;8;9;P4
Student2905;5;2;7;P6
Student2906;12;8;15;P5
Student2907;15;20;12;P5
Student2908;4;8;15;P3
Student2909;20;1;14;P1
Student2910;20;9;18;P7
Student2911;7;6;15;P4
Student2912;1;12;4;P5
Student2913;6;20;7;P2
Student2914;8;10;1;P6
Student2915;3;1;18;P2
Student2916;2;18;0;P6
Student2917;17;14;10;P3
Student2918;6;15;14;P2
Student2919;2;11;10;P7
Student2920;3;3;6;P2
Student2921;12;13;10;P2
Student2922;18;2;4;P1
Student2923;15;2;11;P3
Student2924;13;18;10;P7
Student2925;9;4;0;P5
Student2926;6;3;10;P4
Student2927;0;5;12;P3
Student2928;8;17;20;P4
Student2929;14;3;0;P3
Student2930;4;20;8;P2
Student2931;7;2;13;P3
Student2932;9;2;6;P6
Student2933;15;2;6;P2
Student2934;16;7;0;P4
Student2935;2;7;15;P3
Student2936;17;18;14;P3
Student2937;9;13;6;P4
Student2938;4;19;13;P4
Student2939;14;10;4;P1
Student2940;7;15;16;P4
Student2941;3;18;19;P1
Student2942;3;18;20;P7
Student2943;8;3;2;P6
Student2944;7;14;15;P2
Student2945;10;9;14;P4
Student2946;20;20;0;P5
Student2947;1;14;12;P7
Student2948;14;13;13;P7
Student2949;14;12;3;P5
Student2950;6;18;6;P6
Student2951;4;1;18;P1
Student2952;17;3;13;P5
Student2953;12;19;7;P4
Student2954;15;7;12;P5
Student2955;3;20;13;P4
Student2956;9;14;19;P5
Student2957;18;13;15;P4
Student2958;10;14;20;P1
Student2959;9;6;5;P4
Student2960;6;5;7;P2
Student2961;7;6;11;P6
Student2962;9;15;2;P5
Student2963;17;14;1;P2
Student2964;12;18;8;P6
Student2965;1;19;19;P2
Student2966;4;3;9;P6
Student2967;18;12;16;P6
Student2968;19;19;6;P6
Student2969;8;7;11;P1
Student2970;19;9;6;P7
Student2971;2;7;12;P5
Student2972;20;15;8;P6
Student2973;8;19;14;P2
Student2974;13;11;4;P7
Student2975;11;11;18;P2
Student2976;12;20;4;P6
Student2977;4;16;1;P6
Student2978;13;17;18;P7
Student2979;18;0;1;P6
Student2980;10;15;15;P2
Student2981;4;5;12;P5
Student2982;8;9;1;P3
Student2983;15;10;17;P1
Student2984;9;16;17;P7
Student2985;13;1;11;P1
Student2986;7;2;12;P6
Student2987;2;13;10;P2
Student2988;20;2;1;P6
Student2989;8;10;1;P3
Student2990;11;6;0;P3
Student2991;10;13;16;P3
Student2992;7;19;4;P5
Student2993;3;9;5;P3
Student2994;10;4;13;P5
Student2995;18;11;13;P5
Student2996;9;11;5;P6
Student2997;14;2;7;P4
Student2998;3;4;11;P3
Student2999;6;3;3;P4
Student3000;19;0;11;P2
